ID,Name,Description,Link
2061,Chalres Bridge,Charles Bridge is a stone Gothic bridge that connects the Old Town and Lesser Town (Mal  Strana). It was actually called the Stone Bridge (Kamenn most) during its first several centuries.,https://en.wikipedia.org/wiki/Charles_Bridge
5376,Rialto Bridge,"The Rialto Bridge is the oldest of the four bridges spanning the Grand Canal in Venice, Italy. Connecting the sestieri (districts) of San Marco and San Polo,",https://en.wikipedia.org/wiki/Rialto_Bridge
5554,Petronas Twin Towers,"The Petronas Towers, also known as the Petronas Twin Towers are twin skyscrapers in Kuala Lumpur, Malaysia.",https://en.wikipedia.org/wiki/Petronas_Towers
6051,Coloseum,"Colosseum was commissioned around A.D. 70-72 by Emperor Vespasian of the Flavian dynasty as a gift to the Roman people. In A.D. 80, Vespasians son Titus opened the Colosseum officially known as the Flavian Amphitheater with 100 days of games,",https://en.wikipedia.org/wiki/Colosseum
6599,Willis Tower,"Willis Tower is the premier corporate office building in Chicago, home to more than 100 companies including prominent law, insurance, transportation and financial services.",https://en.wikipedia.org/wiki/Willis_Tower
6651,Piazzale Michelangelo,,https://en.wikipedia.org/wiki/Piazzale_Michelangelo
6696,Museu Nacional d'Art,"The Museu Nacional d'Art de Catalunya is located in the Palau Nacional of Montjuc, constructed for the International Exposition of 1929. In 1934 it opened its doors as the Museu d'Art de Catalunya",https://en.wikipedia.org/wiki/Museu_Nacional_d%27Art_de_Catalunya
9633,St. Peter's Basilica,"St. Peters Basilica is one of the holiest temples for Christendom and one of the largest churches in the world. Besides, it is where the Pope presides many liturgies all year round.",https://en.wikipedia.org/wiki/St._Peter%27s_Basilica
9779,Alhambra Palace,"The Alhambra is an ancient palace, fortress and citadel located in Granada, Spain. The eighth-century-old site was named for the reddish walls and towers that surrounded the citadel: al-qal'a al-hamra in Arabic means red fort or castle",https://en.wikipedia.org/wiki/Alhambra
